Algorithm,Request Count,Mean,Median
ROUND-ROBIN,5,4.21497,4.01589
LEAST-LOADED,5,4.41557,4.016176
RANDOM,5,4.21494,4.014706
ROUND-ROBIN,10,4.21694,4.0178415
LEAST-LOADED,10,4.41607,4.019315
RANDOM,10,4.21684,4.018173
ROUND-ROBIN,15,4.34969,4.019011
LEAST-LOADED,15,4.28187,4.017482
RANDOM,15,4.28175,4.016081
ROUND-ROBIN,20,4.21544,4.016465
LEAST-LOADED,20,4.06697,4.017942
RANDOM,20,4.21735,4.018881
ROUND-ROBIN,25,4.45441,4.01756
LEAST-LOADED,25,4.49469,4.022845
RANDOM,25,4.2564,4.016569
